Title,URL
45377826_1965_ford_ranchero,https://photos.classiccars.com/cc-temp/listing/183/6279/45377826-1965-ford-ranchero-thumb.jpg
48934682_1955_ford_victoria,https://photos.classiccars.com/cc-temp/listing/189/935/48934682-1955-ford-victoria-thumb.jpg
49242314_1964_chevrolet_chevelle,https://photos.classiccars.com/cc-temp/listing/189/6515/49242314-1964-chevrolet-chevelle-thumb.jpg
49003718_1957_chevrolet_150,https://photos.classiccars.com/cc-temp/listing/189/1910/49003718-1957-chevrolet-150-thumb.jpg
49259619_1995_ford_f150_thumbnailcarousel.jpg,https://photos.classiccars.com/cc-temp/listing/189/6769/49259619-1995-ford-f150-thumbnailcarousel.jpg
49259470_1966_chevrolet_chevelle_ss_thumbnailcarousel.jpg,https://photos.classiccars.com/cc-temp/listing/189/6765/49259470-1966-chevrolet-chevelle-ss-thumbnailcarousel.jpg
49258992_1969_chevrolet_nova_thumbnailcarousel.jpg,https://photos.classiccars.com/cc-temp/listing/189/6762/49258992-1969-chevrolet-nova-thumbnailcarousel.jpg
49258569_1955_jaguar_xk140_thumbnailcarousel.jpg,https://photos.classiccars.com/cc-temp/listing/189/6755/49258569-1955-jaguar-xk140-thumbnailcarousel.jpg
34739202_1964_volkswagen_beetle,https://photos.classiccars.com/cc-temp/listing/164/9891/34739202-1964-volkswagen-beetle-thumb.jpg
16349876_1946_hudson_pickup,https://photos.classiccars.com/cc-temp/listing/121/6382/16349876-1946-hudson-pickup-thumb.jpg
38722840_1989_chevrolet_blazer,https://photos.classiccars.com/cc-temp/listing/172/111/38722840-1989-chevrolet-blazer-thumb.jpg
28579713_1957_cadillac_brougham,https://photos.classiccars.com/cc-temp/listing/153/3170/28579713-1957-cadillac-brougham-thumb.jpg
48731114_1966_oldsmobile_442_srcset_sm.jpg,https://photos.classiccars.com/cc-temp/listing/183/7651/48731114-1966-oldsmobile-442-srcset-sm.jpg
33432093_1991_porsche_911_turbo,https://photos.classiccars.com/cc-temp/listing/161/3336/33432093-1991-porsche-911-turbo-thumb.jpg
48138885_1967_ford_mustang_srcset_sm.jpg,https://photos.classiccars.com/cc-temp/listing/184/8759/48138885-1967-ford-mustang-srcset-sm.jpg
47887023_1966_cadillac_phaeton_srcset_sm.jpg,https://photos.classiccars.com/cc-temp/listing/187/3301/47887023-1966-cadillac-phaeton-srcset-sm.jpg
48888620_1971_gmc_jimmy_srcset_sm.jpg,https://photos.classiccars.com/cc-temp/listing/184/972/48888620-1971-gmc-jimmy-srcset-sm.jpg
48150619_1957_chevrolet_bel_air_srcset_sm.jpg,https://photos.classiccars.com/cc-temp/listing/187/7556/48150619-1957-chevrolet-bel-air-srcset-sm.jpg
35254439_1955_mercedes_benz_300sc_srcset_sm.jpg,https://photos.classiccars.com/cc-temp/listing/165/8551/35254439-1955-mercedes-benz-300sc-srcset-sm.jpg
42472882_1969_pontiac_firebird_srcset_sm.jpg,https://photos.classiccars.com/cc-temp/listing/178/4043/42472882-1969-pontiac-firebird-srcset-sm.jpg
49149408_1946_pontiac_wagon_srcset_sm.jpg,https://photos.classiccars.com/cc-temp/listing/189/4707/49149408-1946-pontiac-wagon-srcset-sm.jpg
49182878_1967_chevrolet_corvette_srcset_sm.jpg,https://photos.classiccars.com/cc-temp/listing/189/5413/49182878-1967-chevrolet-corvette-srcset-sm.jpg
49182775_1970_gmc_c_k_10_srcset_sm.jpg,https://photos.classiccars.com/cc-temp/listing/189/5411/49182775-1970-gmc-c-k-10-srcset-sm.jpg
48862193_1955_ford_f150_srcset_sm.jpg,https://photos.classiccars.com/cc-temp/listing/188/9562/48862193-1955-ford-f150-srcset-sm.jpg
